{
  "id" : "AABGRxL0I0PUyiYArwWoYuI",
  "timestamp" : "2025-11-23T17:56:11.424Z[UTC]",
  "appAppleId" : 6748866809,
  "cfBundleShortVersion" : "1.0",
  "cfBundleVersion" : "38",
  "deviceModel" : "iPhone18,4",
  "osVersion" : "26.1",
  "locale" : "en-US",
  "carrier" : null,
  "timezone" : "America/Los_Angeles",
  "architecture" : "arm64e",
  "connectionStatus" : "MOBILE_DATA",
  "pairedAppleWatch" : "",
  "appUptimeMillis" : 3000,
  "availableDiskBytes" : 190029443072,
  "totalDiskBytes" : 511057596416,
  "networkType" : null,
  "batteryPercentage" : 80,
  "screenWidth" : 420,
  "screenHeight" : 912,
  "emailAddress" : "willem.ave@gmail.com",
  "comment" : "Boom"
}