{
  "id" : "AILbjtXzwPDpqjojH-XIVhk",
  "timestamp" : "2025-11-29T02:36:27.738Z[UTC]",
  "appAppleId" : 6748866809,
  "cfBundleShortVersion" : "1.0",
  "cfBundleVersion" : "41",
  "deviceModel" : "iPhone18,4",
  "osVersion" : "26.1",
  "locale" : "en-US",
  "carrier" : null,
  "timezone" : "America/Los_Angeles",
  "architecture" : "arm64e",
  "connectionStatus" : "WI_FI",
  "pairedAppleWatch" : "",
  "appUptimeMillis" : null,
  "availableDiskBytes" : 177580470272,
  "totalDiskBytes" : 511057596416,
  "networkType" : null,
  "batteryPercentage" : 60,
  "screenWidth" : 420,
  "screenHeight" : 912,
  "emailAddress" : "willem.ave@gmail.com",
  "comment" : "Crash"
}